category,desciption,column_name
A.인적속성,개인 아이디,PID
A.인적속성,,w09oldnew
A.인적속성,가구 아이디,HHID
A.인적속성,가구내 응답자 변호,respid
A.인적속성,가구아이디(당해년도),HHID22
A.인적속성,부부코드(당해년도),CID22
A.인적속성,조사구,ED
A.인적속성,1차년도별 조사참여여부(이력),w01
A.인적속성,2차년도별 조사참여여부(이력),w02
A.인적속성,3차년도별 조사참여여부(이력),w03
A.인적속성,4차년도별 조사참여여부(이력),w04
A.인적속성,5차년도별 조사참여여부(이력),w05
A.인적속성,6차년도별 조사참여여부(이력),w06
A.인적속성,7차년도별 조사참여여부(이력),w07
A.인적속성,8차년도별 조사참여여부(이력),w08
A.인적속성,종단 가중치,w09wgt_p
A.인적속성,횡단 가중치,w09wgt_c
A.인적속성,통합 종단가중치,w09wgt_ap
A.인적속성,통합 횡단가중치,w09wgt_ac
A.인적속성,원가구 여부,w09type
A.인적속성,세대수,w09_fam1
A.인적속성,세대구성,w09_fam2
A.인적속성,가구원수(본인포함),w09hhsize
A.인적속성,가구원내 패널대상자 수,w09panel_n
A.인적속성,응답자 학력,w09edu
A.인적속성,응답자 성별,w09gender1
A.인적속성,응답자의 출생년도(단위: 년4자리),w09A002y
A.인적속성,응답자의 출생월(단위: 월2자리),w09A002m
A.인적속성,양력/음력 여부,w09A003
A.인적속성,응답자 연령(=조사년도-w01A002y),w09A002_age
A.인적속성,기본조사 당시 현재 결혼상태,w09marital
A.인적속성,배우자의 출생년월(단위: 년4자리+월2자리),w09year2
A.인적속성,배우자의 학력,w09edu_s
A.인적속성,배우자의 고용상태,w09ecoact_s
A.인적속성,종교,w09A030
A.인적속성,친한 사람들과 만나는 횟수,w09A032
A.인적속성,모임(단체)의 참여횟수_①종교모임,w08A035_01
A.인적속성,"모임(단체)의 참여횟수_②친목모임(계모임, 노인정 등)",w09A035_02
A.인적속성,모임(단체)의 참여횟수_③여가/문화/스포츠 관련단체(노인대학 등),w09A035_03
A.인적속성,모임(단체)의 참여횟수_④동창회/향우회/종친회,w09A035_04
A.인적속성,모임(단체)의 참여횟수_⑤자원봉사,w09A035_05
A.인적속성,모임(단체)의 참여횟수_⑥정당/시민단체/이익단체,w09A035_06
A.인적속성,모임(단체)의 참여횟수_⑦기타,w09A035_07
A.인적속성,가구주 여부,w09A036
A.인적속성,가구주(응답자 기준 관계),w09A036_1
A.인적속성,거주형태,w09enu_type
A.인적속성,거주지역_(1) 시도,w09region1
A.인적속성,거주지역_(2) 동부/읍면부,w09region2
A.인적속성,거주지역_(3) 대도시/중소도시/읍면부,w09region3
A.인적속성,본 설문(A~G) 인터뷰 날짜(단위: 년4자리),w09mniw_y
A.인적속성,본 설문(A~G) 인터뷰 날짜(단위: 월2자리),w09mniw_m
A.인적속성,본 설문(A~G) 인터뷰 날짜(단위: 월2자리),w09mniw_d
A.인적속성,현재 생존 자녀수(단위: 명),w09Ba003
A.인적속성,동거 자녀수(단위:명),w09livewith
A.인적속성,동거하는 미혼자녀수(단위:명),w09livewithnm
A.인적속성,30분 이내 거주하는 자녀수,w09livenear
A.인적속성,주 1회 이상 만나는 자녀수,w09contact1
A.인적속성,"주 1회 이상 연락하는 자녀수(전화, 이메일 등)",w09contact2
A.인적속성,손자녀수(단위: 명),w09Ba068
A.인적속성,10세 이전 양육을 도와 준 손자녀 유무,w09Ba069
A.인적속성,10세 이전 양육을 도와 준 손자녀 수(단위: 명),w09Ba070
A.인적속성,지난 1년 중 10세 미만의 손자녀 돌봄 여부,w09Ba075
A.인적속성,지난 1년 중 돌본 10세 미만의 손자녀수(단위: 명),w09Ba076
A.인적속성,Ba영역 응답 여부,w09Ba_resp
Bb.가족,생존 형제/자매 수(단위: 명),w09s_sum
Bb.가족,동거하는 형제/자매 수(단위:명),w09l_sum
Bb.가족,현재 살아계시는 부모님,w09bp1
Bb.가족,아버지와 지난해 동거기간,w09bb009
Bb.가족,어머니와 지난해 동거기간,w09Bb015
Bb.가족,현재 응답자와 부모 동거여부,w09bp1_1
Bb.가족,현재 동거중인 부모님,w09bp1_2
Bb.가족, bp3~bp6변수 응답 대상(1. 부모/ 2.아버지)  ,w09_target1
Bb.가족,(비동거) (부모/아버지) 와 다른 자녀와의 동거여부,w09bp3
Bb.가족,(비동거) (부모/아버지) 와의 근접성,w09bp4
Bb.가족,(비동거) (부모/아버지) 와의 만남 빈도,w09bp5
Bb.가족,"(비동거) (부모/아버지) 와의 연락(전화, 편지, e-mail) 빈도",w09bp6
Bb.가족,(비동거) (어머니)와 다른 자녀와의 동거여부,w09bm3
Bb.가족,(비동거) (어머니)와의 근접성,w09bm4
Bb.가족,(비동거) (어머니)와의 만남 빈도,w09bm5
Bb.가족,"(비동거) (어머니)와의 연락(전화, 편지, e-mail) 빈도",w09bm6
Bb.가족,ADL불편한 가족 여부,w09bb_adl1
Bb.가족,ADL불편한 가족수,w09bb_adl_num1
Bb.가족,[생성]응답자에게 ADL수발받은 가족 여부,w09bb_adl2
Bb.가족,[생성] 응답자에게 ADL수발받은 가족수,w09bb_adl_num2
Bb.가족,응답자에게 ADL수발받은 비동거 가족여부,w09bb_adl3
Bb.가족,응답자에게 ADL수발받은 비동거 가족수,w09bb_adl_num3
Bb.가족,(동거/비동거)자녀로 부터 받은 금전 총액,w09fromchildren
Bb.가족,(동거/비동거)자녀에게 지원한 금전 총액,w09tochildren
Bb.가족,(동거/비동거)부모로 부터 받은 금전 총액,w09fromparent
Bb.가족,(동거/비동거)부모에게 지원한 금전 총액,w09toparent
Bb.가족,기타가족으로 부터 받은 금전 총액,w09fromothers
Bb.가족,기타가족에게 지원한 금전 총액,w09toothers
Bb.가족,지원 받은 금전 총액(자녀+부모+기타가족),w09transferfrom
Bb.가족,지원한 금전 총액(자녀+부모+기타가족),w09transferto
C1.건강상태,응답자(본인)의 건강상태,w09C001
C1.건강상태,응답자(본인)의 주관적 건강상태,w09C152
C1.건강상태,지난 기본조사 당시와 비교한 주관적 건강상태(2차 이후),w09C002
C1.건강상태,의사의 장애판정 여부,w09C003
C1.건강상태,건강상태로 인한 활동(일) 제한,w09C005
C1.건강상태,만성질환 개수,
C1.건강상태,고혈압  진단여부,w09chronic_a
C1.건강상태,처음 고혈압 진단을 받은 시기(단위: 년4자리),w09C007y
C1.건강상태,처음 고혈압 진단을 받은 시기(단위: 월2자리),w09C007m
C1.건강상태,당뇨병/고혈당  진단여부,w09chronic_b
C1.건강상태,처음 당뇨병 또는 고혈당 진단을 받은 시기(단위: 년4자리),w09C012y
C1.건강상태,처음 당뇨병 또는 고혈당 진단을 받은 시기(단위: 월2자리),w09C012m
C1.건강상태,암 및 악성종양  진단여부(경미한 피부암 등 제외),w09chronic_c
C1.건강상태,처음 암 또는 악성종양 진단을 받은 시기(단위: 년4자리),w09C017y
C1.건강상태,처음 암 또는 악성종양 진단을 받은 시기(단위: 월2자리),w09C017m
C1.건강상태,만성 폐질환 진단여부,w09chronic_d
C1.건강상태,처음 만성 폐질환 진단을 받은 시기(단위: 년4자리),w09C024y
C1.건강상태,처음 만성 폐질환 진단을 받은 시기(단위: 월2자리),w09C024m
C1.건강상태,간질환 진단여부,w09chronic_e
C1.건강상태,처음 만성 간질환 진단을 받은 시기(단위: 년4자리),w09C029y
C1.건강상태,처음 만성 간질환 진단을 받은 시기(단위: 월2자리),w09C029m
C1.건강상태,심장질환 진단여부,w09chronic_f
C1.건강상태,처음 심장질환 진단을 받은 시기(단위: 년4자리),w09C034y
C1.건강상태,처음 심장질환 진단을 받은 시기(단위: 월2자리),w08C034m
C1.건강상태,뇌혈관질환 진단여부,w09chronic_g
C1.건강상태,처음 뇌혈관질환 진단을 받은 시기(단위: 년4자리),w09C039y
C1.건강상태,처음 뇌혈관질환 진단을 받은 시기(단위: 월2자리),w09C039m
C1.건강상태,정신과적 질환관련 진단여부,w09chronic_h
C1.건강상태,처음 정신과적 질환 진단을 받은 시기(단위: 년4자리),w09C044y
C1.건강상태,처음 정신과적 질환 진단을 받은 시기(단위: 월2자리),w09C044m
C1.건강상태,관절염 또는 류마티스 진단여부,w09chronic_i
C1.건강상태,처음 관절염 또는 류마티스 진단을 받은 시기(단위: 년4자리),w09C049y
C1.건강상태,처음 관절염 또는 류마티스 진단을 받은 시기(단위: 월2자리),w09C049m
C1.건강상태,지난 기본조사 이후의 낙상 경험 여부,w09C056
C1.건강상태,지난 기본조사 이후의 전립성 질환 진단여부,w09chronic_j
C1.건강상태,처음 전립성 질환 진단을 받은 시기(단위: 년4자리),w09C064y
C1.건강상태,처음 전립성 질환 진단을 받은 시기(단위: 월2자리),w09C064m
C1.건강상태,지난 1년간 요실금 경험여부,w09C068
C1.건강상태,지난 기본조사 이후의 소화기계 질환 진단 여부,w09chronic_k
C1.건강상태,처음 소화기계 질환 진단을 받은 시기(단위: 년4자리) ,w09C075yn
C1.건강상태,처음 소화기계 질환 진단을 받은 시기(단위: 월2자리) ,w09C075mn
C1.건강상태,지난 기본조사 이후의 디스크 진단 여부,w09chronic_l
C1.건강상태,처음 디스크 진단을 받은 시기(단위: 년4자리) ,w09C079yn
C1.건강상태,처음 디스크 진단을 받은 시기(단위: 월2자리) ,w09C079mn
C1.건강상태,치매 진단 여부,w09chronic_m
C1.건강상태,처음 치매 진단을 받은 시기(단위: 년4자리) ,w09Cadd_02y
C1.건강상태,처음 치매 진단을 받은 시기(단위: 월2자리) ,w09Cadd_02m
C1.건강상태,현재 시력으로 인한 일상활동의 어려움 여부,w09C081
C1.건강상태,평소 보청기 사용 여부,w09C082
C1.건강상태,평소 틀니 착용 여부,w09C085
C1.건강상태,통증으로 인한 일상활동의 어려움 여부,w09C102
C1.건강상태,체중(단위: 킬로그램),w09C105
C1.건강상태,지난 1년 중 5킬로그램 이상의 체중변동,w09C106
C1.건강상태,신장(단위: 센티미터),w09C107
C1.건강상태,카우프 지수(BMI),w09bmi
C1.건강상태,규칙적 운동 여부(일주일 1회 이상),w09C108
C1.건강상태,규칙적으로 운동을 하지 못하는 가장 큰 이유,w09C109
C1.건강상태,주당 운동 횟수(단위: 회/주),w09C111
C1.건강상태,1회 운동시간(단위: 분),w09C112
C1.건강상태,흡연자 구분,w09smoke
C1.건강상태,음주자 구분,w09alc
C1.건강상태,음주 시작시기(단위: 년4자리),w09C124y
C1.건강상태,음주 시작시기(단위: 월2자리),w09C124m
C1.건강상태,1개월 평균 음주빈도_소주,w09C126
C1.건강상태,"1회 평균 주량_소주(소주 1병:6.5잔, 소주잔 50cc) (단위: 잔)",w09C127
C1.건강상태,1개월 평균 음주빈도_맥주,w09C128
C1.건강상태,"1회 평균 주량_맥주(맥주 500cc 2병=4잔, 맥주잔 220cc) (단위: 잔)",w09C129
C1.건강상태,1개월 평균 음주빈도_막걸리,w09C130
C1.건강상태,"1회 평균 주량_막걸리(막걸리 1병(되)=7잔, 막걸리잔 240cc) (단위: 잔)",w09C131
C1.건강상태,1개월 평균 음주빈도_양주,w09C132
C1.건강상태,"1회 평균 주량_양주(양주잔 30cc, 양주병도 크기에 따라 다름)(단위:잔)",w09C133
C1.건강상태,1개월 평균 음주빈도_포도주(와인),w09C134
C1.건강상태,"1회 평균 주량_와인(와인 1병=8잔, 와인잔 900cc)(단위:잔)",w09C135
C1.건강상태,음주태도,w09addic
C1.건강상태,지난 1년간 2주간 지속적인 우울감 경험,w09Cadd_19
C1.건강상태,지난1주일간의 느낌과 행동_사람들이 나에게 차갑게 대하는 느낌,w09C142
C1.건강상태,지난1주일간의 느낌과 행동_마음이 슬픔,w09C143
C1.건강상태,지난1주일간의 느낌과 행동_우울감,w09C144
C1.건강상태,지난1주일간의 느낌과 행동_모든 일에 대해 힘든 느낌,w09C145
C1.건강상태,지난1주일간의 느낌과 행동_비교적 잘 지내고 있다는 생각,w09C146
C1.건강상태,지난1주일간의 느낌과 행동_사람들이 나를 싫어하는 느낌,w09C147
C1.건강상태,지난1주일간의 느낌과 행동_잠을 잘 이루지 못했다는 생각,w09C148
C1.건강상태,지난1주일간의 느낌과 행동_큰 불만없이 생활했다는 생각,w09C149
C1.건강상태,지난1주일간의 느낌과 행동_세상에 홀로 있는 듯한 외로움,w09C150
C1.건강상태,지난1주일간의 느낌과 행동_도무지 무얼 해나갈 엄두가 나지 않음,w09C151
C2.일상생활수행능력,ADL 지수화,w09adl
C2.일상생활수행능력,옷갈아입기,w09C201
C2.일상생활수행능력,세수/양치/머리감기,w09C202
C2.일상생활수행능력,목욕/샤워하기,w09C203
C2.일상생활수행능력,차려놓은 음식 식사하기,w09C204
C2.일상생활수행능력,이부자리에서 일어나 방 밖으로 나오기,w09C205
C2.일상생활수행능력,화장실 이용하기,w09C206
C2.일상생활수행능력,대소변 조절하기,w09C207
C2.일상생활수행능력,IADL 지수화,w09iadl
C2.일상생활수행능력,몸단장 하기,w09C208
C2.일상생활수행능력,일상적인 집안일(청소 등),w09C209
C2.일상생활수행능력,식사준비,w09C210
C2.일상생활수행능력,"빨래하기(세탁, 빨래 널고 말리기 등)",w09C211
C2.일상생활수행능력,가까운 거리 외출(교통수단 미이용),w09C212
C2.일상생활수행능력,교통수단 이용하여 외출하기,w09C213
C2.일상생활수행능력,상점에서 물건사기,w09C214
C2.일상생활수행능력,금전관리(용돈/통장/재산관리 등),w09C215
C2.일상생활수행능력,전화걸고 받기,w09C216
C2.일상생활수행능력,약 챙겨 먹기,w09C217
C3.인지력,응답자 확인(본인응답 여부),w09C550
C3.인지력,악력 지수화,w09mgrip
C4.의료보장 및 시설이용,응답자의 국민건강보험/의료급여 가입여부,w09C301
C4.의료보장 및 시설이용,작장가입자/지역가입자 여부,w09C302
C4.의료보장 및 시설이용,(직장가입자의 경우) 피보험자/피부양자 여부,w09C303
C4.의료보장 및 시설이용,(지역가입자의 경우) 세대주 여부,w09C304
C4.의료보장 및 시설이용,건강보험료 부담자,w09C305
C4.의료보장 및 시설이용,국민건강보험 월평균 보험료(단위 :   만원/1개),w09C306
C4.의료보장 및 시설이용,의료급여 수혜종류,w09C309
C4.의료보장 및 시설이용,민간의료보험 가입여부,w09C310
C4.의료보장 및 시설이용,가입한 민간의료보험 수(단위 : 개),w09C311
C4.의료보장 및 시설이용,현재 가입된 민간의료보험료의  총합(단위 :  만원/1개),w09C312
C4.의료보장 및 시설이용,무료 1차 건강검진 수혜여부,w09C313
C4.의료보장 및 시설이용,노인장기요양보험 인지,w09C318n
C4.의료보장 및 시설이용,노인장기요양보험 신청 여부,w09C319n
C4.의료보장 및 시설이용,노인장기요양보험 이용 여부,w09C320n
C4.의료보장 및 시설이용,노인장기요양보험 미이용 이유,w09C321n
C4.의료보장 및 시설이용,노인장기요양보험 질환 내용,w09C324n
C4.의료보장 및 시설이용,노인장기요양보험 판정 요양 등급,w09C325n
C4.의료보장 및 시설이용,노인돌봄서비스사업 인지,w09C329n
C4.의료보장 및 시설이용,노인돌봄서비스사업 신청 여부,w09C330n
C4.의료보장 및 시설이용,노인돌봄서비스사업 이용 여부,w09C331n
C4.의료보장 및 시설이용,노인돌봄서비스사업 미이용 이유,w09C332n
C4.의료보장 및 시설이용,노인돌봄서비스사업 이용서비스 종류,
C4.의료보장 및 시설이용,이용한 노인맞춤돌봄서비스_①직접서비스,w09C334m01
C4.의료보장 및 시설이용,이용한 노인맞춤돌봄서비스_②연계서비스,w09C334m02
C4.의료보장 및 시설이용,이용한 노인맞춤돌봄서비스_③특화서비스,w09C334m03
C4.의료보장 및 시설이용,이용한 노인맞춤돌봄서비스_④사후관리서비스,w09C334m04
C4.의료보장 및 시설이용,"지난 기본조사 이후 입원횟수(병원,간호요양병원, 요양원 등)(단위 : 번)<1차는 지난 1년간>",w09C318
C4.의료보장 및 시설이용,지난 기본조사 이후 입원일 수(1차는 가장 최근 입원에 대한),w09n_days
C4.의료보장 및 시설이용,입원시 지불한 비용 (응답자가 지불한 비용만 포함)(단위 : 만원),w09oopm1
C4.의료보장 및 시설이용,간병인에게 하루 평균 지불한 비용(응답자가 지불한 비용만 포함)(단위 : 만원/하루)_1차,
C4.의료보장 및 시설이용,지난 1년간 치과 병의원 방문횟수(틀니/의치같은 진료 포함)(단위 : 회),w09C330
C4.의료보장 및 시설이용,"지난 1년간 보건소 방문횟수(진료목적, 이하동일)(단위 : 회)",w09C333
C4.의료보장 및 시설이용,지난 1년간 한방 병의원 방문횟수(단위 : 회),w09C334
C4.의료보장 및 시설이용,지난 1년간 기타 병/의원 외래진료 횟수(단위 : 회),w09C337
C4.의료보장 및 시설이용,지난 1년간 의료인에 의한 방문진료 횟수(단위 : 회),w09C340
C4.의료보장 및 시설이용,정기적으로 처방된 약 복용여부,w09C343
C4.의료보장 및 시설이용,지난1년간 의료보조기구/보장구 구입경험,w09C346
C4.의료보장 및 시설이용,외래 지불한 비용 (응답자가 지불한 비용만 포함)(단위 : 만원),w09oopm2
D.고용,(공통)현재 경활상태,w09present_ecotype
D.고용,(공통)현재 구직활동 여부,w09job_search
D.고용,(공통)노동시장에서 일하는 것과 관련된 응답자의 상태(차수별 코드값 다름),w09labor_st
D.고용,(공통)은퇴여부,w09retired
D.고용,(공통)현재 노동여부,w09present_labor
D.고용,(임금/비임금)현 일자리 고용형태(임금/자영/무급가족),w09emp
D.고용,(임금)현 일자리 직위/직책,w09position
D.고용,(임금/비임금)현 일자리 실제 사업장 규모(연속형),w09size_n
D.고용,(임금/비임금)현 일자리 실제 사업장 규모(범주형),w09size_c
D.고용,(임금/비임금)현 일자리 종사상지위(상용/임시/일용/자영/무급),w09status
D.고용,(임금)현 일자리 근로시간형태(시간제/전일제),w09full_parttime
D.고용,(임금/비임금)현 일자리 산업대분류,w09ind
D.고용,(임금/비임금)현 일자리 직종대분류,w09job
D.고용,(임금/비임금)현 일자리 시작시기(년),w09job_starty
D.고용,(임금/비임금)현 일자리 시작시기(월),w09job_startm
D.고용,(신규 자영/무급가족)임금근로 대신 자영업을 선택한 이유,w09d_com001
D.고용,(신규 자영)창업 당시 비용 또는 투자액(신규자영업자),w09d_com003
D.고용,(신규 무급가족)현 사업장 대표자와의 관계(무급가족종사자),w09d_com012
D.고용,(신규 임금)현 일자리의 시작당시 근로계약기간 지정 여부,w09d_com014
D.고용,(신규 임금)현 일자리의 시작당시 근로계약기간(단위: 개월),w09d_com015
D.고용,(신규 임금)현 일자리의 공식적인 정년규정 여부,w09d_com024
D.고용,(신규 임금)현 일자리의 공식적인 정년(단위: 세),w09d_com025
D.고용,(임금)현 일자리에서의 관리직 여부,w09d_com028
D.고용,(임금/자영/무급가족)현일자리의 주당 평균 근무일수,w09d_com031
D.고용,(임금/자영/무급가족)현일자리의 주당 평균 근무시간,w09d_com032
D.고용,(자영)현 사업장의 월평균 순소득(단위: 만원),w09d_com037
D.고용,(임금)현 일자리의 임금결정방식,w09d_com049
D.고용,(임금)현 일자리의 월평균 임금(단위: 만원),w09d_com052
D.고용,(임금)[세전]현 일자리의 월평균 임금(단위: 만원),w09d_com052_1
D.고용,(임금)현 일자리에서의 공적연금 가입여부,w09d_com053
D.고용,(임금)현 일자리에서의 건강보험(의료보험) 가입여부,w09d_com054
D.고용,(임금)현 일자리에서의 고용보험 가입여부,w09d_com055
D.고용,(임금)현 일자리에서의 산재보험 가입여부,w09d_com056
D.고용,(임금)현 일자리에서 적용되는 법정퇴직금제도,w09d_com057
D.고용,(임금)현 일자리의 퇴직연금 종류,w09d_com060
D.고용,(임금)현 일자리의 노동조합 유무,w09d_com066
D.고용,(임금)현 일자리에서 노동조합 가입 여부,w09d_com068
D.고용,(임금)현 일자리의 승진시 연공서열 중시정도,w09d_com081
D.고용,(임금)현 일자리 동료들의 고령자 조기은퇴 분위기 조성정도,w09d_com082
D.고용,(임금/자영)현 일자리의 임금 만족도,w09d_com084
D.고용,(임금.자영)현 일자리의 고용 안정성,w09d_com085
D.고용,(임금/자영/무급가족)현 일자리에 대한 전반적인 만족도,w09d_com089
D.고용,(임금/자영/무급가족)현 일자리의 적합도_교육수준,w09d_com090
D.고용,(임금/자영/무급가족)현 일자리에서의 계속근로 의향,w09d_com092
D.고용,(임금/자영/무급가족)희망하는 일자리_고용형태,w09d_com093
D.고용,(임금/자영/무급가족)희망하는 일자리_직종,w09d_com094
D.고용,(임금/자영/무급가족)희망하는 일자리_최소 월평균 임금 또는 소득,w09d_com095
D.고용,(임금/자영/무급가족/구직/은퇴자)은퇴 계획 (만)연령(단위: 세),w09d_com096
D.고용,(임금/자영/무급가족)현재의 주된 일자리 이외 부업/아르바이트 여부,w09d_com097
D.고용,(임금/자영/무급가족)현재 주된 일자리를 포함한 일자리 수(단위: 개),w09d_com098
D.고용,(임금/자영/무급가족)부업/아르바이트의 주당 평균 근로시간,w09d_com101
D.고용,(임금/자영/무급가족)[세후]부업/아르바이트의 월평균 임금 또는 소득,w09d_com102
D.고용,(임금)[세전]부업/아르바이트의 월평균 임금 또는 소득,w09d_com102_1
D.고용,(임금/자영/무급가족)현 일자리의 업무수행시 필요사항_육체적 힘,w09d_com073
D.고용,(임금/자영/무급가족)현 일자리의 업무수행시 필요사항_무거운 짐 들기,w09d_com074
D.고용,"(임금/자영/무급가족)현 일자리의 업무수행시 필요사항_상체굽히기, 무릎꿇기, 쭈그리고 앉기",w09d_com075
D.고용,(임금/자영/무급가족)현 일자리의 업무수행시 필요사항_좋은 시력,w09d_com076
D.고용,(임금/자영/무급가족)현 일자리의 업무수행시 필요사항_높은 집중력과 주의,w09d_com077
D.고용,(임금/자영/무급가족)현 일자리의 업무수행시 필요사항_리더쉽,w09d_com078
D.고용,(임금/자영/무급가족)현 일자리의 업무수행시 필요사항_컴퓨터 활용능력,w09d_com079
D.고용,(임금/자영/무급가족)현 일자리의 어려운 업무 요구도,w09d_com080
D.고용,(구직자)구직활동 여부(구직자/비근로자)_1주 기준,w09d_com104
D.고용,(구직자)구직활동 여부(구직자/비근로자)_4주 기준,w09d_com105
D.고용,(구직자)취업가능성 여부(구직자/비근로자)_지난주 적합한 일자리가 있을 경우,w09d_com106
D.고용,(구직자)취업의사 여부(구직자/비근로자)_지난주 적합한 일자리가 있을 경우,w09d_com107
D.고용,(구직자)일자리가 있더라도 일하지 않는 이유(구직자/비근로자),w09d_com108
D.고용,(구직자)취업을 원하면서 구직하지 않는 이유(구직자/비근로자),w09d_com110
D.고용,(구직자)구직활동 여부(구직자/비근로자)_4주 이전,w09d_com112
D.고용,(구직자)지난 기본조사 이후 구직활동 회수,w09d_com112_1
D.고용,(구직자)구직경로_1순위,w09d_com118
D.고용,(구직자)희망하는 일자리_고용형태,w09d_com125
D.고용,(구직자)희망하는 일자리_산업,w09d_com128
D.고용,(구직자)희망하는 일자리_직종,w09d_com129
D.고용,(구직자)희망하는 일자리_최소 월평균 임금 또는 소득,w09d_com130
D.고용,(구직자)구직시 어려움_고령에 따른 취업제한,w09d_com137
D.고용,(여성구직자)구직시 어려움_여성에 대한 취업제한,w09d_com138
D.고용,(신규은퇴자)지난 기본조사 이후의 은퇴시기 (단위: 년4자리),w09d_com139y
D.고용,(신규은퇴자)지난 기본조사 이후의 은퇴시기 (단위: 월2자리),w09d_com139m
D.고용,(신규은퇴자)은퇴사유_1순위,w09d_com140
D.고용,(신규은퇴자)은퇴사유_2순위,w09d_com142
D.고용,(신규은퇴자)은퇴 당시 배우자 유무,w09d_com144
D.고용,(신규은퇴자)은퇴 당시 배우자의 경제활동 상태,w09d_com145
D.고용,(은퇴자)은퇴에 대한 만족도,w09d_com147
D.고용,(은퇴자)현재 소득 또는 수입이 되는 소일거리 활동여부,w09d_com149
D.고용,(은퇴자)은퇴와 상관없이 수입을 위한 노동참여_희망 여부,w09d_com157
Ea.소득,지난해 임금소득,w09wage
Ea.소득,지난해 자영업소득,w09selfemployed
Ea.소득,지난해 농어업소득,w09agriculture
Ea.소득,지난해 부업소득,w09sideline
Ea.소득,지난해 근로총소득(=임금소득+자영업소득+농어업소득+부업소득) ,w09earned
Ea.소득,지난해 사적이전소득(Bb영역의 생성변수에서 가져온 변수) ,w09transferfrom
Ea.소득,지난해 금융소득,w09financial
Ea.소득,지난해 부동산소득,w09realestateinc
Ea.소득,지난해 자산소득(=금융소득+부동산소득) ,w09assetinc
Ea.소득,지난해 국민연금소득,w09national
Ea.소득,지난해 특수직연금소득,w09particular
Ea.소득,지난해 공적연금소득(=국민연금소득+특수직역연금소득) ,w09annuity
Ea.소득,지난해 실업급여소득,w09unemployment
Ea.소득,지난해 산재급여소득,w09industrial
Ea.소득,지난해 국민기초생활대상자급여소득,w09guarantee
Ea.소득,지난해 보훈연금급여소득,w09exploit
Ea.소득,지난해 기타사회복지수당급여소득,w09socialwelfare
Ea.소득,지난해 기초(노령)연금소득,w09senior_pension
Ea.소득,지난해 장애인연금소득,w09disabled_pension
Ea.소득,지난해 사회보장소득(=실업급여소득+산재급여소득+국민기초생활대상자급여소득+보훈연금급여소득+기타 사회복지수당급여소득+기초(노령)연금소득+장애인 연금소득) ,w09socialsecurity
Ea.소득,지난해 공적이전소득(=공적연금총소득+사회보장총소득) ,w09publictrans
Ea.소득,지난해 개인연금소득,w09personal
Ea.소득,지난해 기타수입 및 소득,w09other
Ea.소득,지난해 개인총소득(근로총소득+자산총소득+공적이전총소득+사적이전총소득(transferfrom) +개인연금소득+ 기타소득),w09pinc
Ea.소득,가구 응답대상자 중 소득 및 자산을 가장 잘 아는 사람 여부,w09Ea_resp
Eb.소비,지난해 월평균 소비_생활비(단위: 만원),w09E201
Eb.소비,지난해 월평균 소비_식비(단위: 만원),w09E207
Eb.소비,지난해 월평균 소비_외식비(단위: 만원),w09E213
Eb.소비,지난해 월평균 소비_공교육비(단위: 만원),w09E219
Eb.소비,지난해 월평균 소비_사교육비(단위: 만원),w09E225
Eb.소비,지난해 월평균 소비_주거비(단위: 만원),w09E231
Eb.소비,지난해 월평균 소비_보건의료비(단위: 만원),w09E237
Eb.소비,지난해 월평균 소비_피복비(단위: 만원),w09E243
Eb.소비,지난해 월평균 소비_경조사비(단위: 만원),w09E273
Eb.소비,"지난해 월평균 저축액(일반저축, 적금, 보험, 개인연금 등 포함)",w09e251
Eb.소비,소비영역 대표응답자 여부,w09Eb_resp
F.자산,현재 거주주택 자산가치,w09residence
F.자산,현재 거주주택 지분소유여부(자가인 경우),w09residence_
F.자산,정기보험자산,w09regularins
F.자산,종신보험자산,w09wholelifeins
F.자산,연금보험자산,w09pensionins
F.자산,보험 총자산(=정기보험자산+연금보험자산+종신보험자산) ,w09insurance
F.자산,금융총자산(=현금이나 예금 + 적금 총액 + 주식/투자신탁 가격+채권가격+보험총자산+빌려준돈 + 타지않은 곗돈 + 기타금융자산) ,w09financialasset
F.자산,사업체/농장자산,w09businessfarm
F.자산,부동산 총자산(거주주택 부동산 + 거주주택 외 부동산+ 부동산 임차),w09realestate
F.자산,기타자산,w09otherasset
F.자산,개인총자산(=부동산총자산 + 금융총자산 + 사업체/농장 총자산+ 기타자산)  ,w09passets
F.자산,거주주택 구입을 위한 대출(부채),w09F013_n
F.자산,전월세 부채(임대보증금 등),w09house_sum
F.자산,개인총부채(거주주택에 대한 부채+ 거주주택 일부 임대 보증금 + 부어야 하는 곗돈 + 금융기관 대출금+ 개인적 부채 + 기타 부채),w09pliabilities
F.자산,개인순자산(=개인총자산-개인총부채),w09pnetassets
F.자산,가구유형(자가/전세/월세/기타)_대표자 응답값,w09F001type
F.자산,가구총소득(E126(5-6차는 E147) 대표자 응답값),  w09hhinc
F.자산,가구총자산(F234 대표자 응답값),  w09hhassets
F.자산,가구총부채(F240 대표자 응답값),  w09hhliabilities
F.자산,가구순자산(대표자 응답값)(=가구총자산-가구총부채),  w09hhnetassets
G.주관적기대감,국민연금 또는 특수직역연금 보험료 납부 여부,w09G101
G.주관적기대감,국민연금 또는 특수직역연금에 가입하지 않은 이유,w09G104
G.주관적기대감,연금 보험료 납부 기간,w09G106
G.주관적기대감,국민연금 또는 특수직역연금 수급개시 계획연령,w09G107
G.주관적기대감,월평균 예상 수급액(단위: 만원),w09G108
G.주관적기대감,기초(노령)연금 신청 여부,w09G110
G.주관적기대감,기초(노령)연금 수급 여부,w09G111
G.주관적기대감,월평균 수급액(단위: 만원),w09G112
G.주관적기대감,기초노령연금 신청 계획 여부,w09G116
G.주관적기대감,주관적 기대감(일자리 기대감: 45~49세)_(1)나는 현재 하고 있는 일을 55세 까지는 할 수 있을 것이다,w09G003
G.주관적기대감,주관적 기대감(일자리 기대감: 50~54세)_(2)나는 현재 하고 있는 일을 60세 까지는 할 수 있을 것이다,w09G004
G.주관적기대감,주관적 기대감(일자리 기대감: 55~59세) (3)_나는 현재 하고 있는 일을 65세 까지는 할 수 있을 것이다,w09G004a
G.주관적기대감,주관적 기대감(일자리 기대감: 60세 이상)_(4)나는 현재 하고 있는 일을 5년은 더 할 수 있을 것이다,w09G004b
G.주관적기대감,예상근로기간(앞으로 5년 이상)_현재연령 55세 경우,
G.주관적기대감,주관적 기대감(기대수명: 64세 이하)_(1)나는 75세까지는 살 수 있을 것 같다,w09G007
G.주관적기대감,주관적 기대감(기대수명: 65~69세 이하)_(2)나는 80세까지는 살 수 있을 것 같다,w09G008
G.주관적기대감,주관적 기대감(기대수명: 70~74세 이하)_(3)나는 85세까지는 살 수 있을 것 같다,w09G009
G.주관적기대감,주관적 기대감(기대수명: 75~79세 이하)_(4)나는 90세까지는 살 수 있을 것 같다,w09G010
G.주관적기대감,주관적 기대감(기대수명: 80~84세 이하)_(5)나는 95세까지는 살 수 있을 것 같다,w09G011
G.주관적기대감,주관적 기대감(기대수명: 85~94세 이하)_(6)나는 100세까지는 살 수 있을 것 같다,w09G012
G.주관적기대감,주관적 기대감(기대수명: 95~99세 이하)_(7)나는 105세까지는 살 수 있을 것 같다,w09G013
G.주관적기대감,주관적 기대감(기대수명: 100세 이상)_(8)나는 110세까지는 살 수 있을 것 같다,w09G014
G.주관적기대감,삶의 만족도_(1) 자신의 건강상태,w09G026
G.주관적기대감,삶의 만족도_(2) 자신의 경제상태,w09G027
G.주관적기대감,삶의 만족도_(3) 배우자와의 관계,w09G028
G.주관적기대감,삶의 만족도_(4) 자녀와의 관계,w09G029
G.주관적기대감,삶의 만족도_(5) 전반적인 삶의 질,w09G030
G.주관적기대감,주관적 계층의식,w09G031
G.주관적기대감,월평균 용돈,w09G032
